"uid","plotID","subplotID","nestedSubplotID","nestedSubplotArea","taxonID","identificationQualifier","measuredBy","recordedBy","remarks"
2,"HARV_006",32,4,10,"CAPE6",,"D01DRC25","D01EJH18",
3,"HARV_006",40,1,10,"VAAN",,"D01LEL27","D01PJN02",
4,"HARV_006",40,1,10,"PIRU",,"D01LEL27","D01PJN02",
5,"HARV_006",40,1,10,"QURU",,"D01LEL27","D01PJN02",
6,"HARV_006",40,1,10,"PIST",,"D01LEL27","D01PJN02",
7,"HARV_006",40,1,10,"LYOB",,"D01LEL27","D01PJN02","QC: No error EME"
8,"HARV_006",40,3,10,"PIST",,"D01LEL27","D01PJN02",
9,"HARV_006",40,3,10,"QUVE",,"D01LEL27","D01PJN02",
10,"HARV_006",41,1,10,"PIST",,"D01LEL27","D01PJN02",
11,"HARV_006",41,4,10,"PRPE2","cf. species","D01LEL27","D01PJN02",
12,"HARV_006",41,4,10,"QUVE",,"D01LEL27","D01PJN02","QC: No error EME"
13,"HARV_006",41,4,10,"BETH",,"D01LEL27","D01PJN02",
14,"HARV_006",41,4,10,"CAPE6",,"D01LEL27","D01PJN02",
15,"HARV_013",40,1,10,"ACRU",,"D01LEL27","D01PJN02","QC: No Error"
16,"HARV_013",40,1,10,"QURU",,"D01LEL27","D01PJN02",
17,"HARV_013",40,1,10,"LOTA","cf. species","D01LEL27","D01PJN02",
18,"HARV_013",40,1,10,"PAQU2",,"D01LEL27","D01PJN02",
19,"HARV_013",40,1,10,"TSCA",,"D01LEL27","D01PJN02",
20,"HARV_013",40,3,10,"QUVE",,"D01LEL27","D01PJN02",
21,"HARV_013",40,3,10,"QURU",,"D01LEL27","D01PJN02",
22,"HARV_013",40,3,10,"MACA4",,"D01LEL27","D01PJN02",
23,"HARV_013",40,3,10,"CEOR7",,"D01LEL27","D01PJN02",
24,"HARV_013",40,3,10,"FRAM2",,"D01LEL27","D01PJN02",
25,"HARV_013",40,3,10,"DEPU2",,"D01LEL27","D01PJN02","QC: No Error"
26,"HARV_013",41,1,10,"TSCA",,"D01LEL27","D01PJN02",
27,"HARV_013",41,1,10,"PAQU2",,"D01LEL27","D01PJN02",
28,"HARV_013",41,1,10,"FRAM2",,"D01LEL27","D01PJN02",
29,"HARV_013",41,1,10,"QURU",,"D01LEL27","D01PJN02",
30,"HARV_013",41,1,10,"ACRU",,"D01LEL27","D01PJN02",
31,"HARV_013",41,4,10,"FRAM2",,"D01LEL27","D01PJN02",
32,"HARV_013",41,4,10,,,"D01LEL27","D01PJN02","CAREX"
33,"HARV_013",41,4,10,"PRSE2",,"D01LEL27","D01PJN02",
34,"HARV_013",41,4,10,"MARAR",,"D01LEL27","D01PJN02",
35,"HARV_013",41,4,10,"ACSA3",,"D01LEL27","D01PJN02","QC: No Error"
36,"HARV_013",41,4,10,"QURU",,"D01LEL27","D01PJN02",
37,"HARV_013",41,4,10,"DRIN5",,"D01LEL27","D01PJN02",
38,"HARV_013",32,2,10,"QUAL",,"D01DRC25","D01EJH18",
39,"HARV_013",32,2,10,"ACSA3",,"D01DRC25","D01EJH18",
40,"HARV_013",32,2,10,"DRIN5",,"D01DRC25","D01EJH18",
41,"HARV_014",40,1,10,"HAVI4",,"D01SNI12","D01EJH18","QC: No Error"
42,"HARV_014",40,1,10,"UVSE",,"D01SNI12","D01EJH18",
43,"HARV_014",40,1,10,"BELE",,"D01SNI12","D01EJH18",
44,"HARV_014",40,1,10,"CHCA2","cf. genus","D01SNI12","D01EJH18","PICTURES PHONE 6 1143"
45,"HARV_014",40,3,10,"GABA",,"D01SNI12","D01EJH18",
46,"HARV_014",40,3,10,"PIST",,"D01SNI12","D01EJH18",
47,"HARV_014",40,3,10,"QURU",,"D01SNI12","D01EJH18",
48,"HARV_014",40,3,10,"TRBO2",,"D01SNI12","D01EJH18",
49,"HARV_014",40,3,10,,,"D01SNI12","D01EJH18","""SEOR"" RECORDED - POSSIBLY CEOR7?"
50,"HARV_014",40,3,10,,"cf. species","D01SNI12","D01EJH18","LANCEOLATE OPPOSITE ASTER"
51,"BART_006",31,1,10,"VILA11",,"D01DRC25","D01BAC30","QC: No Error"
52,"BART_006",31,4,10,"ACSA3",,"D01DRC25","D01BAC30",
53,"BART_006",31,4,10,"ACPE",,"D01DRC25","D01BAC30",
54,"BART_006",32,2,10,"TRBO2",,"D01DRC25","D01JRS08",
55,"BART_006",32,2,10,"VILA11",,"D01DRC25","D01JRS08",
56,"BART_006",32,4,10,"ACSA3","cf. species","D01DRC25","D01JRS08","DUE TO PRSENCE OF TINY SEEDLINGS"
57,"BART_006",40,1,10,"ACSA3",,"D01DRC25","D01BAC30",
58,"BART_006",40,1,10,"FAGR",,"D01DRC25","D01BAC30",
59,"BART_006",40,1,10,"ABBA",,"D01DRC25","D01BAC30",
60,"BART_006",40,3,10,"ACPE",,"D01DRC25","D01BAC30",
61,"BART_006",40,3,10,,,"D01DRC25","D01BAC30","SCSP2  QC: No Error"
62,"BART_006",40,3,10,,,"D01DRC25","D01BAC30","CAREX"
63,"BART_006",40,3,10,,,"D01DRC25","D01BAC30","BETULI"
64,"BART_006",41,1,10,"ACSA3",,"D01CAB21","D01DRC25",
65,"BART_006",41,1,10,"ACPE",,"D01CAB21","D01DRC25",
66,"BART_006",41,4,10,"VILA11",,"D01CAB21","D01DRC25",
67,"BART_006",41,4,10,"ACSA3",,"D01CAB21","D01DRC25",
68,"BART_024",31,1,10,"TSCA",,"D01BAC30","D01JRS08",
69,"BART_024",31,1,10,"ACRU",,"D01BAC30","D01JRS08",
70,"BART_024",31,1,10,"PIRU",,"D01BAC30","D01JRS08","QC: No Error"
71,"BART_024",31,4,10,,,"D01BAC30","D01JRS08","ACER"
72,"BART_024",32,4,10,"ACRU",,"D01BAC30","D01JRS08",
73,"BART_024",32,4,10,"PIST",,"D01BAC30","D01JRS08",
74,"BART_024",32,4,10,,"cf. species","D01BAC30","D01JRS08","ACER QC: No Error"
75,"BART_024",40,1,10,"ACRU",,"D01CAB21","D01BAC30","QC: No Error"
76,"BART_024",40,1,10,"TRBO2",,"D01CAB21","D01BAC30",
77,"BART_024",40,3,10,"PIST",,"D01CAB21","D01BAC30","QC: No Error"
78,"BART_024",41,1,10,"TSCA",,"D01DRC25","D01CAB21",
79,"BART_024",41,1,10,"ACRU",,"D01DRC25","D01CAB21",
80,"BART_024",41,1,10,"FAGR",,"D01DRC25","D01CAB21",
81,"BART_024",41,4,10,,"cf. species","D01DRC25","D01CAB21","ACER"
82,"BART_024",41,4,10,"PIST",,"D01DRC25","D01CAB21",
83,"BART_023",31,1,10,"TRUN",,"D01DRC25","D01JRS08",
84,"BART_023",31,1,10,"ACPE",,"D01DRC25","D01JRS08","QC: No Errors"
85,"BART_023",31,1,10,"FAGR",,"D01DRC25","D01JRS08",
86,"BART_023",31,1,10,"PRPEP",,"D01DRC25","D01JRS08",
87,"BART_023",31,4,10,"PIRU",,"D01DRC25","D01JRS08",
88,"BART_023",31,4,10,"TSCA",,"D01DRC25","D01JRS08","PSCA RECORDED; TYPO ASSUMED"
89,"BART_023",31,4,10,"QURU",,"D01DRC25","D01JRS08","QC: No Errors"
90,"BART_023",31,4,10,"VILA11",,"D01DRC25","D01JRS08","VELA11 RECORDED ; ASSUME TYPO"
91,"BART_023",32,2,10,"ACPE",,"D01DRC25","D01JRS08",
92,"BART_023",32,2,10,"CYAC3",,"D01DRC25","D01JRS08",
93,"BART_023",32,2,10,"TRUN",,"D01DRC25","D01JRS08",
94,"BART_023",32,2,10,"ACSA3",,"D01DRC25","D01JRS08",
95,"BART_023",32,2,10,"QURU",,"D01DRC25","D01JRS08",
96,"BART_023",32,2,10,,,"D01DRC25","D01JRS08","CORDATE UNK"
97,"BART_023",32,4,10,"FAGR",,"D01DRC25","D01JRS08",
98,"BART_023",32,4,10,"TRUN",,"D01DRC25","D01JRS08","QC: No Errors"
99,"BART_023",32,4,10,"CYAC3",,"D01DRC25","D01JRS08",
100,"BART_023",32,4,10,,,"D01DRC25","D01JRS08","CORDATE UNK QC: No Errors"
101,"BART_023",40,1,10,"FAGR",,"D01DRC25","D01CAB21",
102,"BART_023",40,1,10,"ACSP2",,"D01DRC25","D01CAB21","QC: No Error"
103,"BART_023",40,3,10,"ACPE",,"D01DRC25","D01CAB21",
104,"BART_023",40,3,10,"ACSP2",,"D01DRC25","D01CAB21","QC: No Error"
105,"BART_023",41,1,10,"PIRU",,"D01JRS08","D01BAC30",
106,"BART_023",41,1,10,"FAGR",,"D01JRS08","D01BAC30","QC: No Error"
107,"BART_023",41,4,10,"CYAC3",,"D01JRS08","D01BAC30",
108,"BART_023",41,4,10,"QURU",,"D01JRS08","D01BAC30","QC: No Error"
109,"BART_023",41,4,10,"PIRU",,"D01JRS08","D01BAC30",
110,"BART_023",41,4,10,"ACSP2",,"D01JRS08","D01BAC30","ACSP RECORDED ; ASSUME TYPO"
111,"HARV_031",41,1,10,"PIST",,"D01JLU02","D01GMV31",
112,"HARV_031",41,1,10,"BELE",,"D01JLU02","D01GMV31",
113,"HARV_013",32,4,10,"TSCA",,"D01DRC25","D01EJH18",
114,"HARV_013",32,4,10,"VAPA4",,"D01DRC25","D01EJH18",
115,"HARV_013",32,4,10,"LYCL",,"D01DRC25","D01EJH18",
116,"HARV_013",32,4,10,"QUVE",,"D01DRC25","D01EJH18",
117,"HARV_013",32,4,10,"UVSE",,"D01DRC25","D01EJH18","QC: No Error"
118,"HARV_013",31,4,10,"GATR3",,"D01DRC25","D01EJH18",
119,"HARV_013",31,4,10,"QUVE",,"D01DRC25","D01EJH18",
120,"HARV_013",31,4,10,"AMLA",,"D01DRC25","D01EJH18",
121,"HARV_013",31,4,10,"FRAM2",,"D01DRC25","D01EJH18",
122,"HARV_013",31,1,10,"ACSA3",,"D01DRC25","D01EJH18",
123,"HARV_013",31,1,10,"THNO",,"D01DRC25","D01EJH18",
124,"HARV_013",31,1,10,"PAQU2",,"D01DRC25","D01EJH18",
125,"HARV_013",31,1,10,"QURU",,"D01DRC25","D01EJH18",
126,"HARV_013",31,1,10,"BELE",,"D01DRC25","D01EJH18","QC: No Error"
127,"HARV_023",40,1,10,"VAAN",,"D01LEL27","D01JRS08",
128,"HARV_023",40,1,10,,,"D01LEL27","D01JRS08","PANIC"
129,"HARV_023",40,1,10,"LYQU2",,"D01LEL27","D01JRS08","QC: No error EME"
130,"HARV_023",40,1,10,"BETH",,"D01LEL27","D01JRS08",
131,"HARV_023",40,1,10,"MIRE",,"D01LEL27","D01JRS08",
132,"HARV_023",40,1,10,"ACRU",,"D01LEL27","D01JRS08",
133,"HARV_023",40,1,10,,,"D01LEL27","D01JRS08","SYMPH"
134,"HARV_023",40,1,10,"LOMO2",,"D01LEL27","D01JRS08",
135,"HARV_023",40,1,10,,,"D01LEL27","D01JRS08","ASCLE"
136,"HARV_023",40,1,10,"RUAL",,"D01LEL27","D01JRS08",
137,"HARV_023",40,1,10,"BELE",,"D01LEL27","D01JRS08",
138,"HARV_023",40,1,10,"LUMU2",,"D01LEL27","D01JRS08",
139,"HARV_023",40,1,10,"DRIN5",,"D01LEL27","D01JRS08","QC: No error EME"
140,"HARV_023",40,1,10,"GATR3",,"D01LEL27","D01JRS08",
141,"HARV_023",40,1,10,"ACSA3",,"D01LEL27","D01JRS08",
142,"HARV_023",40,3,10,"QURU",,"D01LEL27","D01JRS08",
143,"HARV_023",40,3,10,"VEOF2",,"D01LEL27","D01JRS08",
144,"HARV_023",40,3,10,"GATR3",,"D01LEL27","D01JRS08",
145,"HARV_023",40,3,10,"ACRU",,"D01LEL27","D01JRS08",
146,"HARV_023",40,3,10,"VACO",,"D01LEL27","D01JRS08",
147,"HARV_023",40,3,10,"QUVE",,"D01LEL27","D01JRS08",
148,"HARV_023",40,3,10,"RUAR7",,"D01LEL27","D01JRS08",
149,"HARV_023",41,1,10,"LOMO2",,"D01LEL27","D01PJN02",
150,"HARV_023",41,1,10,"FRAM2",,"D01LEL27","D01PJN02",
151,"HARV_023",41,1,10,"VACO",,"D01LEL27","D01PJN02",
152,"HARV_023",41,1,10,"RUID",,"D01LEL27","D01PJN02","QC: No error EME"
153,"HARV_027",41,1,10,"OSCL2",,"D01LEL27","D01GMV31",
154,"HARV_027",41,1,10,"ACRU",,"D01LEL27","D01GMV31",
155,"HARV_027",41,1,10,"ILVE",,"D01LEL27","D01GMV31",
156,"HARV_027",41,1,10,"PIST",,"D01LEL27","D01GMV31",
157,"HARV_027",41,1,10,"TSCA",,"D01LEL27","D01GMV31",
158,"HARV_027",41,1,10,,"cf. genus","D01LEL27","D01GMV31","DICHA; QC: NO ERROR JH"
159,"HARV_027",41,1,10,"DRIN5",,"D01LEL27","D01GMV31",
160,"HARV_027",41,1,10,"MIRE",,"D01LEL27","D01GMV31",
161,"HARV_027",41,1,10,"ATFIA",,"D01LEL27","D01GMV31",
162,"HARV_027",41,1,10,"RUOC","cf. species","D01LEL27","D01GMV31","QC: NO ERROR JH"
163,"HARV_027",41,1,10,,,"D01LEL27","D01GMV31","""TORN COLLAR PURPLE BASE GRASS"""
164,"HARV_027",41,4,10,"PAQU2",,"D01LEL27","D01GMV31",
165,"HARV_027",41,4,10,"RUHI",,"D01LEL27","D01GMV31",
166,"HARV_027",41,4,10,"TRBO2",,"D01LEL27","D01GMV31",
167,"HARV_027",41,4,10,"ILVE",,"D01LEL27","D01GMV31",
168,"HARV_027",41,4,10,"QUVE",,"D01LEL27","D01GMV31",
169,"HARV_027",41,4,10,"PIST",,"D01LEL27","D01GMV31",
170,"HARV_027",41,4,10,"CALE11",,"D01LEL27","D01GMV31",
171,"HARV_027",41,4,10,"CAPA17",,"D01LEL27","D01GMV31",
172,"HARV_027",41,4,10,"FRAM2",,"D01LEL27","D01GMV31",
173,"HARV_027",41,4,10,"VILA8",,"D01LEL27","D01GMV31",
174,"HARV_027",41,4,10,"OSCL",,"D01LEL27","D01GMV31",
175,"HARV_006",31,4,10,"QUVE",,"D01DRC25","D01SJH02",
176,"HARV_006",31,4,10,"MIRE",,"D01DRC25","D01SJH02",
177,"HARV_006",32,2,10,"PIST",,"D01DRC25","D01EJH18",
178,"HARV_006",32,2,10,"QUVE",,"D01DRC25","D01EJH18",
179,"HARV_006",32,4,10,"PIST",,"D01DRC25","D01EJH18","QC: No error EME"
180,"HARV_023",41,1,10,"ACRU",,"D01LEL27","D01PJN02",
181,"HARV_023",41,1,10,"QURU",,"D01LEL27","D01PJN02",
182,"HARV_023",41,1,10,"POSI2",,"D01LEL27","D01PJN02",
183,"HARV_023",41,1,10,"MAPU",,"D01LEL27","D01PJN02",
184,"HARV_023",41,4,10,"RUAL","cf. species","D01LEL27","D01PJN02",
185,"HARV_023",41,4,10,"BETH",,"D01LEL27","D01PJN02",
186,"HARV_023",41,4,10,"GATR3",,"D01LEL27","D01PJN02","GATR ENTERED ON FDS BUT THAT IS NOT AN OPTION ASSUME IT IS THE COMMON GATR3"
187,"HARV_023",41,4,10,"VIRE7",,"D01LEL27","D01PJN02",
188,"HARV_023",32,2,10,"ACRU",,"D01DRC25","D01GMV31",
189,"HARV_023",32,2,10,"QUVE",,"D01DRC25","D01GMV31",
190,"HARV_027",31,1,10,"OSCI",,"D01CEG10","D01GMV31",
191,"HARV_027",31,1,10,"VEVI",,"D01CEG10","D01GMV31",
192,"HARV_027",31,1,10,"BETH",,"D01CEG10","D01GMV31","QC: NO ERROR JH"
193,"HARV_027",31,1,10,"ONSE",,"D01CEG10","D01GMV31",
194,"HARV_027",31,1,10,"GAAP2",,"D01CEG10","D01GMV31",
195,"HARV_027",31,1,10,"ARTR",,"D01CEG10","D01GMV31",
196,"HARV_027",31,1,10,"ACSA3",,"D01CEG10","D01GMV31",
197,"HARV_027",31,1,10,"DEAC4",,"D01CEG10","D01GMV31",
198,"HARV_027",31,1,10,"FRAM2",,"D01CEG10","D01GMV31",
199,"HARV_027",31,1,10,"RARE2",,"D01CEG10","D01GMV31",
200,"HARV_027",31,1,10,"VICU",,"D01CEG10","D01GMV31",
201,"HARV_027",32,2,10,"PIST",,"D01CEG10","D01GMV31",
202,"HARV_027",32,2,10,"FRAM2",,"D01CEG10","D01GMV31",
203,"HARV_027",32,2,10,"POSI2",,"D01CEG10","D01GMV31",
204,"HARV_027",32,2,10,"OSCL2",,"D01CEG10","D01GMV31",
205,"HARV_027",32,2,10,"FRNI",,"D01CEG10","D01GMV31",
206,"HARV_027",32,2,10,"AMBR2",,"D01CEG10","D01GMV31",
207,"HARV_027",32,2,10,"ROMU",,"D01CEG10","D01GMV31",
208,"HARV_027",32,2,10,"BRER2",,"D01CEG10","D01GMV31",
209,"HARV_027",32,2,10,"LYCI",,"D01CEG10","D01GMV31",
210,"HARV_027",32,2,10,,"cf. genus","D01CEG10","D01GMV31","SOLIDAGO; OLY 0469 QC: NO ERROR JH"
211,"HARV_027",32,2,10,"ACSA3",,"D01CEG10","D01GMV31",
212,"HARV_027",32,4,10,"PIST",,"D01CEG10","D01GMV31",
213,"HARV_027",32,4,10,"ACSA3",,"D01CEG10","D01GMV31",
214,"HARV_027",32,4,10,"OSCI",,"D01CEG10","D01GMV31",
215,"HARV_027",32,4,10,"THNO",,"D01CEG10","D01GMV31",
216,"HARV_027",32,4,10,"TRBO2",,"D01CEG10","D01GMV31",
217,"HARV_027",32,4,10,"DRMA4",,"D01CEG10","D01GMV31","QC: NO ERROR JH"
218,"HARV_027",32,4,10,"DRIN5",,"D01CEG10","D01GMV31",
219,"HARV_027",32,4,10,"BRER2",,"D01CEG10","D01GMV31",
220,"HARV_027",32,4,10,"FRAM2",,"D01CEG10","D01GMV31",
221,"HARV_027",32,4,10,"ILVE",,"D01CEG10","D01GMV31",
222,"HARV_027",32,4,10,"ATFIA",,"D01CEG10","D01GMV31",
223,"HARV_027",40,1,10,"BELE",,"D01LEL27","D01DRC25",
224,"HARV_027",40,1,10,"VEVI",,"D01LEL27","D01DRC25",
225,"HARV_027",40,1,10,"BETH",,"D01LEL27","D01DRC25",
226,"HARV_027",40,1,10,"MIRE",,"D01LEL27","D01DRC25",
227,"HARV_027",40,1,10,"OSCI",,"D01LEL27","D01DRC25",
228,"HARV_027",40,1,10,"ONSE",,"D01LEL27","D01DRC25",
229,"HARV_027",40,1,10,"OSCL2",,"D01LEL27","D01DRC25",
230,"HARV_027",40,1,10,"MACA4",,"D01LEL27","D01DRC25",
231,"HARV_027",40,1,10,,"cf. species","D01LEL27","D01DRC25","CAREX; ""Small fat spike""; pictures on oly 0473 to 0476"
232,"HARV_027",40,1,10,"TSCA",,"D01LEL27","D01DRC25",
233,"HARV_027",40,1,10,,"cf. family","D01LEL27","D01DRC25","SYMPH"
234,"HARV_027",40,3,10,"ILVE",,"D01LEL27","D01DRC25",
235,"HARV_027",40,3,10,"ZIAU",,"D01LEL27","D01DRC25",
236,"HARV_027",40,3,10,"SMHE",,"D01LEL27","D01DRC25",
237,"HARV_027",40,3,10,"OSCI",,"D01LEL27","D01DRC25",
238,"HARV_027",40,3,10,"GAAS2",,"D01LEL27","D01DRC25","QC: NO ERROR JH"
239,"HARV_027",40,3,10,,,"D01LEL27","D01DRC25","EPILO"
240,"HARV_027",40,3,10,"BRER2",,"D01LEL27","D01DRC25",
241,"HARV_027",40,3,10,"OXST",,"D01LEL27","D01DRC25",
242,"HARV_027",40,3,10,,,"D01LEL27","D01DRC25","VIOLA"
243,"HARV_027",40,3,10,"DRIN5",,"D01LEL27","D01DRC25",
244,"HARV_027",40,1,10,,,"D01LEL27","D01DRC25","CAREX"
245,"HARV_027",41,1,10,"ACSA3",,"D01LEL27","D01GMV31",
246,"HARV_023",32,4,10,"GOTE",,"D01DRC25","D01GMV31",
247,"HARV_023",32,4,10,,,"D01DRC25","D01GMV31","AMELA"
248,"HARV_023",32,4,10,"DRIN5",,"D01DRC25","D01GMV31","QC: No error EME"
249,"HARV_023",32,4,10,"ACRU",,"D01DRC25","D01GMV31",
250,"HARV_023",32,4,10,"BELE",,"D01DRC25","D01GMV31",
251,"HARV_023",32,4,10,"QUVE",,"D01DRC25","D01GMV31",
252,"HARV_023",32,4,10,"CEOR7",,"D01DRC25","D01GMV31",
253,"HARV_023",32,4,10,"PYAM",,"D01DRC25","D01GMV31","QC: No error EME"
254,"HARV_023",32,4,10,"BETH",,"D01DRC25","D01GMV31",
255,"HARV_023",31,1,10,"TRBO2",,"D01DRC25","D01GMV31",
256,"HARV_023",31,1,10,"RUHI",,"D01DRC25","D01GMV31",
257,"HARV_023",31,1,10,"LOMO2",,"D01DRC25","D01GMV31",
258,"HARV_023",31,1,10,"BELE",,"D01DRC25","D01GMV31","QC: No error EME"
259,"HARV_023",31,1,10,,,"D01DRC25","D01GMV31","LACTU"
260,"HARV_023",31,1,10,,,"D01DRC25","D01GMV31","CAREX"
261,"HARV_023",31,1,10,,,"D01DRC25","D01GMV31","CAREX2"
262,"HARV_023",31,1,10,"PRSE2",,"D01DRC25","D01GMV31",
263,"HARV_023",31,1,10,"ILVE",,"D01DRC25","D01GMV31",
264,"HARV_023",31,1,10,"GAAS2",,"D01DRC25","D01GMV31",
265,"HARV_023",31,4,10,"VACO",,"D01DRC25","D01GMV31",
266,"HARV_023",31,4,10,"BELE",,"D01DRC25","D01GMV31",
267,"HARV_027",31,4,10,"TORA2",,"D01CEG10","D01GMV31","QC: NO ERROR JH"
268,"HARV_027",31,4,10,"OSCI",,"D01CEG10","D01GMV31",
269,"HARV_027",31,4,10,"BRER2",,"D01CEG10","D01GMV31",
270,"HARV_027",31,4,10,"SMHE",,"D01CEG10","D01GMV31",
271,"HARV_027",31,4,10,"VICU",,"D01CEG10","D01GMV31",
272,"HARV_027",31,4,10,"LYCI",,"D01CEG10","D01GMV31",
273,"HARV_027",31,4,10,"RUPU",,"D01CEG10","D01GMV31",
274,"HARV_027",31,4,10,"DRIN5",,"D01CEG10","D01GMV31",
275,"HARV_027",31,4,10,"ACSA3",,"D01CEG10","D01GMV31",
276,"HARV_027",31,1,10,"PIST",,"D01CEG10","D01GMV31",
277,"HARV_027",40,1,10,"DRIN5",,"D01LEL27","D01DRC25","QC: NO ERROR JH"
278,"HARV_027",40,1,10,"DEAC4","cf. family","D01LEL27","D01DRC25",
279,"HARV_023",31,4,10,"ACRU",,"D01DRC25","D01GMV31",
280,"HARV_023",31,4,10,,,"D01DRC25","D01GMV31","CAREX2"
281,"HARV_023",31,4,10,,,"D01DRC25","D01GMV31","SORU"
282,"HARV_023",31,4,10,,,"D01DRC25","D01GMV31","CAREX; QC: No error EME"
283,"HARV_001",41,1,10,"RUHI",,"D01KMA31","D01NIH14","QC: No error EME"
284,"HARV_001",41,1,10,"VIAC",,"D01KMA31","D01NIH14",
285,"HARV_001",41,1,10,"MEVI",,"D01KMA31","D01NIH14",
286,"HARV_001",41,1,10,"RUAR7",,"D01KMA31","D01NIH14",
287,"HARV_001",41,1,10,"UVSE",,"D01KMA31","D01NIH14",
288,"HARV_001",41,1,10,"MIRE",,"D01KMA31","D01NIH14",
289,"HARV_001",41,4,10,"VAAN",,"D01KMA31","D01NIH14",
290,"HARV_001",41,4,10,"VIAC",,"D01KMA31","D01NIH14",
291,"HARV_001",41,4,10,"BELE",,"D01KMA31","D01NIH14",
292,"HARV_001",41,4,10,"QUVE",,"D01KMA31","D01NIH14",
293,"HARV_001",41,4,10,"COCO6","cf. species","D01KMA31","D01NIH14","QC: No error EME"
294,"HARV_001",41,4,10,"VINUC",,"D01KMA31","D01NIH14",
295,"HARV_001",41,4,10,"UVSE",,"D01KMA31","D01NIH14",
296,"HARV_001",41,4,10,"DEPU2",,"D01KMA31","D01NIH14",
297,"HARV_001",41,4,10,"ACRU",,"D01KMA31","D01NIH14",
298,"HARV_001",41,4,10,"QURU",,"D01KMA31","D01NIH14",
299,"HARV_001",40,1,10,"BELE",,"D01GMV31","D01PJN02",
300,"HARV_001",40,1,10,"UVSE",,"D01GMV31","D01PJN02",
301,"HARV_001",40,1,10,"MIRE",,"D01GMV31","D01PJN02","QC: No error EME"
302,"HARV_001",40,1,10,"PRSE2",,"D01GMV31","D01PJN02",
303,"HARV_001",40,3,10,"PIST",,"D01GMV31","D01PJN02",
304,"HARV_001",40,3,10,"QURU",,"D01GMV31","D01PJN02",
305,"HARV_001",40,3,10,"BELE",,"D01GMV31","D01PJN02",
306,"HARV_001",40,3,10,"MACA4",,"D01GMV31","D01PJN02",
307,"HARV_001",40,3,10,"MIRE",,"D01GMV31","D01PJN02",
308,"HARV_001",40,3,10,"GAPR2",,"D01GMV31","D01PJN02",
309,"HARV_001",40,3,10,"UVSE",,"D01GMV31","D01PJN02",
310,"HARV_001",31,1,10,"QUAL",,"D01SNI12","D01PJN02",
311,"HARV_001",31,1,10,"SAAL5","cf. species","D01SNI12","D01PJN02","MAM PHONE 1211 2 PHOTOS TAKEN"
312,"HARV_001",31,1,10,"GAPR2",,"D01SNI12","D01PJN02",
313,"HARV_001",31,1,10,"CADE12",,"D01SNI12","D01PJN02",
314,"HARV_001",31,4,10,"ACRU",,"D01SNI12","D01PJN02",
315,"HARV_001",31,4,10,"QURU",,"D01SNI12","D01PJN02",
316,"HARV_001",31,4,10,"GABA",,"D01SNI12","D01PJN02","QC: No error EME"
317,"HARV_001",31,4,10,"MACA4",,"D01SNI12","D01PJN02",
318,"HARV_001",32,2,10,"DEPU2",,"D01SNI12","D01PJN02",
319,"HARV_001",32,2,10,"ACRU",,"D01SNI12","D01PJN02",
320,"HARV_001",32,2,10,"QURU",,"D01SNI12","D01PJN02",
321,"HARV_001",32,2,10,"RHPR",,"D01SNI12","D01PJN02",
322,"HARV_001",32,2,10,"RUHI",,"D01SNI12","D01PJN02",
323,"HARV_001",32,4,10,"TRBO2",,"D01SNI12","D01PJN02",
324,"HARV_001",32,4,10,"PRSE2",,"D01SNI12","D01PJN02",
325,"HARV_001",32,4,10,"QURU",,"D01SNI12","D01PJN02",
326,"HARV_001",32,4,10,"GAPR2",,"D01SNI12","D01PJN02","QC: No error EME"
327,"HARV_010",31,4,10,"PIST",,"D01KAK22","D01GMV31","QC: No error EME"
328,"HARV_010",31,4,10,,,"D01KAK22","D01GMV31","AMELA"
329,"HARV_010",31,4,10,"BELE",,"D01KAK22","D01GMV31",
330,"HARV_010",31,4,10,"QUAL",,"D01KAK22","D01GMV31",
331,"HARV_010",31,4,10,"MACA4",,"D01KAK22","D01GMV31",
332,"HARV_010",31,4,10,"VIAC",,"D01KAK22","D01GMV31",
333,"HARV_010",31,4,10,"QURU",,"D01KAK22","D01GMV31",
334,"HARV_010",31,1,10,"ACRU",,"D01KAK22","D01GMV31",
335,"HARV_010",31,1,10,,,"D01KAK22","D01GMV31","CAREX"
336,"HARV_010",31,1,10,"VIAC",,"D01KAK22","D01GMV31",
337,"HARV_010",40,1,10,"MACA4",,"D01EJH18","D01JAH27",
338,"HARV_010",40,1,10,,,"D01EJH18","D01JAH27","AMELA"
339,"HARV_010",40,1,10,"PTAQ",,"D01EJH18","D01JAH27",
340,"HARV_010",40,1,10,"FRAM2",,"D01EJH18","D01JAH27","QC: No error EME"
341,"HARV_010",40,1,10,"BELE",,"D01EJH18","D01JAH27",
342,"HARV_010",40,3,10,"PIST",,"D01EJH18","D01JAH27",
343,"HARV_010",40,3,10,"UVSE",,"D01EJH18","D01JAH27",
344,"HARV_010",40,3,10,,,"D01EJH18","D01JAH27","AMELA"
345,"HARV_010",40,3,10,"QURU",,"D01EJH18","D01JAH27",
346,"HARV_010",40,3,10,"MIRE",,"D01EJH18","D01JAH27",
347,"HARV_030",32,4,10,"RUID",,"D01PJN02","D01NIH14",
348,"HARV_030",32,4,10,"PRSE2",,"D01PJN02","D01NIH14",
349,"HARV_030",32,4,10,"TRBO2",,"D01PJN02","D01NIH14",
350,"HARV_030",32,4,10,"GOTE",,"D01PJN02","D01NIH14",
351,"HARV_030",32,4,10,"ACRU",,"D01PJN02","D01NIH14","QC: No error EME"
352,"HARV_030",32,4,10,"BETH",,"D01PJN02","D01NIH14",
353,"HARV_012",40,1,10,"RUHI",,"D01NIH14","D01PJN02",
354,"HARV_012",40,1,10,"DEPU2",,"D01NIH14","D01PJN02",
355,"HARV_012",40,1,10,"VAAN",,"D01NIH14","D01PJN02",
356,"HARV_012",40,1,10,"PRPE2",,"D01NIH14","D01PJN02",
357,"HARV_012",40,1,10,"PRSE2",,"D01NIH14","D01PJN02","PRPE WRITTEN ASSUME PRESE"
358,"HARV_012",40,3,10,"ACRU",,"D01NIH14","D01PJN02","QC: No error EME"
359,"HARV_012",40,3,10,"QUAL",,"D01NIH14","D01PJN02",
360,"HARV_012",40,3,10,"PRPE",,"D01NIH14","D01PJN02",
361,"HARV_012",41,1,10,"BELE",,"D01LEL27","D01JLU02",
362,"HARV_012",41,1,10,"VAPA4",,"D01LEL27","D01JLU02",
363,"HARV_012",41,1,10,"PIST",,"D01LEL27","D01JLU02",
364,"HARV_012",41,1,10,"GABA",,"D01LEL27","D01JLU02",
365,"HARV_012",41,4,10,,,"D01LEL27","D01JLU02","CAREX"
366,"HARV_012",41,4,10,"ANQU",,"D01LEL27","D01JLU02","QC: No error EME"
367,"HARV_012",41,4,10,"SYCO4","cf. species","D01LEL27","D01JLU02",
368,"HARV_012",31,1,10,"PIST",,"D01GMV31","D01PJN02",
369,"HARV_012",31,1,10,"DEPU2",,"D01GMV31","D01PJN02",
370,"HARV_012",31,1,10,"QURU",,"D01GMV31","D01PJN02",
371,"HARV_012",31,1,10,"PRSE2",,"D01GMV31","D01PJN02",
372,"HARV_012",31,1,10,"GABA",,"D01GMV31","D01PJN02",
373,"HARV_012",31,4,10,"PIST",,"D01GMV31","D01PJN02",
374,"HARV_012",31,4,10,"HAVI4",,"D01GMV31","D01PJN02",
375,"HARV_012",31,4,10,"RUAR7",,"D01GMV31","D01PJN02",
376,"HARV_012",31,4,10,"ACRU",,"D01GMV31","D01PJN02","QC: No error EME"
377,"HARV_012",31,4,10,"QUVE",,"D01GMV31","D01PJN02",
378,"HARV_012",32,2,10,"MEVI",,"D01EJH18","D01KAK22",
379,"HARV_012",32,2,10,"BETH","cf. species","D01EJH18","D01KAK22",
380,"HARV_012",32,2,10,"ACRU",,"D01EJH18","D01KAK22",
381,"HARV_012",32,2,10,"VAPA4",,"D01EJH18","D01KAK22",
382,"HARV_012",32,2,10,"MIRE",,"D01EJH18","D01KAK22",
383,"HARV_012",32,2,10,"QURU",,"D01EJH18","D01KAK22","QC: No error EME"
384,"HARV_012",32,2,10,"QUVE",,"D01EJH18","D01KAK22",
385,"HARV_010",40,3,10,"PTAQ",,"D01EJH18","D01JAH27",
386,"HARV_010",40,3,10,"VIAC",,"D01EJH18","D01JAH27","QC: No error EME"
387,"HARV_010",32,2,10,"QUVE",,"D01BJV04","D01EME04",
388,"HARV_010",32,2,10,"LYQU2",,"D01BJV04","D01EME04",
389,"HARV_010",32,2,10,,"UNK","D01BJV04","D01EME04","""OPPOSITE_CROSS"" PICTURES IN VEG PHONE 1057"
390,"HARV_010",32,2,10,"VAPA4","cf. species","D01BJV04","D01EME04","QC: No error EME"
391,"HARV_010",32,4,10,"QUAL",,"D01BJV04","D01EME04",
392,"HARV_010",32,4,10,"RUAL",,"D01BJV04","D01EME04",
393,"HARV_010",32,4,10,"QURU",,"D01BJV04","D01EME04",
394,"HARV_010",32,4,10,"MACA4",,"D01BJV04","D01EME04",
395,"HARV_010",32,4,10,,,"D01BJV04","D01EME04","CAREX"
396,"HARV_010",32,4,10,"PIST",,"D01BJV04","D01EME04",
397,"HARV_010",32,4,10,"MEVI",,"D01BJV04","D01EME04",
398,"HARV_010",41,1,10,"PIST",,"D01EJH18","D01ECM19",
399,"HARV_010",41,1,10,"BELE",,"D01EJH18","D01ECM19",
400,"HARV_010",41,1,10,"COPE80",,"D01EJH18","D01ECM19",
401,"HARV_010",41,1,10,"CHMA3","cf. species","D01EJH18","D01ECM19",
402,"HARV_010",41,4,10,"QURU",,"D01EJH18","D01ECM19","QC: No error EME"
403,"HARV_010",41,4,10,,,"D01EJH18","D01ECM19","CAREX"
404,"HARV_010",41,4,10,"PIST",,"D01EJH18","D01ECM19",
405,"HARV_010",41,4,10,"TSCA",,"D01EJH18","D01ECM19",
406,"HARV_002",40,1,10,"ACRU",,"D01LEL27","D01PJN02",
407,"HARV_002",40,1,10,"ARNU2",,"D01LEL27","D01PJN02",
408,"HARV_002",40,1,10,"CADE12",,"D01LEL27","D01PJN02",
409,"HARV_002",40,1,10,"PIST",,"D01LEL27","D01PJN02","PINUS LISTED CONSULTED BOTANIST AND ASSUMED PIST"
410,"HARV_002",40,1,10,"COCO6",,"D01LEL27","D01PJN02",
411,"HARV_002",40,1,10,"GABA",,"D01LEL27","D01PJN02",
412,"HARV_002",40,1,10,"VIAC",,"D01LEL27","D01PJN02",
413,"HARV_002",40,1,10,,,"D01LEL27","D01PJN02","CRATA"
414,"HARV_002",40,1,10,"BELE",,"D01LEL27","D01PJN02",
415,"HARV_002",40,3,10,"BELE",,"D01LEL27","D01PJN02",
416,"HARV_002",40,3,10,"ARNU2",,"D01LEL27","D01PJN02","QC: No error EME"
417,"HARV_002",40,3,10,"PIST",,"D01LEL27","D01PJN02",
418,"HARV_002",40,3,10,"CADE12",,"D01LEL27","D01PJN02",
419,"HARV_002",40,3,10,"QURU",,"D01LEL27","D01PJN02",
420,"HARV_002",40,3,10,"VIAC",,"D01LEL27","D01PJN02",
421,"HARV_002",40,3,10,"ACRU",,"D01LEL27","D01PJN02",
422,"HARV_002",41,1,10,"BELE",,"D01LEL27","D01PJN02",
423,"HARV_002",41,1,10,"CADE12",,"D01LEL27","D01PJN02",
424,"HARV_002",41,1,10,"PIST",,"D01LEL27","D01PJN02",
425,"HARV_002",41,1,10,"COCO6",,"D01LEL27","D01PJN02","QC: No error EME"
426,"HARV_002",41,1,10,"POVI7",,"D01LEL27","D01PJN02",
427,"HARV_002",41,4,10,"COCO6",,"D01LEL27","D01PJN02",
428,"HARV_002",41,4,10,"HAVI4",,"D01LEL27","D01PJN02",
429,"HARV_002",41,4,10,"PIST",,"D01LEL27","D01PJN02",
430,"HARV_002",41,4,10,"AMLA",,"D01LEL27","D01PJN02",
431,"HARV_002",41,4,10,,,"D01LEL27","D01PJN02","CRATA"
432,"HARV_002",41,4,10,"VIAC",,"D01LEL27","D01PJN02",
433,"HARV_002",31,1,10,"VAPA4",,"D01LEL27","D01KAK22",
434,"HARV_002",31,1,10,"PIST",,"D01LEL27","D01KAK22",
435,"HARV_002",31,1,10,"CADE12",,"D01LEL27","D01KAK22","QC: No error EME"
436,"HARV_002",31,1,10,"VIAC",,"D01LEL27","D01KAK22",
437,"HARV_002",31,1,10,"GABA",,"D01LEL27","D01KAK22",
438,"HARV_002",31,1,10,"COCO6",,"D01LEL27","D01KAK22",
439,"HARV_002",31,1,10,"MACA4",,"D01LEL27","D01KAK22","QC: No error EME"
440,"HARV_002",31,4,10,"BELE",,"D01LEL27","D01KAK22",
441,"HARV_002",31,4,10,"CADE12",,"D01LEL27","D01KAK22",
442,"HARV_002",31,4,10,"QURU",,"D01LEL27","D01KAK22",
443,"HARV_002",31,4,10,"VAPA4",,"D01LEL27","D01KAK22",
444,"HARV_002",31,4,10,"CAPE6",,"D01LEL27","D01KAK22",
445,"HARV_002",32,2,10,"ARNU2",,"D01LEL27","D01KAK22",
446,"HARV_002",32,2,10,"BELE",,"D01LEL27","D01KAK22",
447,"HARV_002",32,2,10,"ACRU",,"D01LEL27","D01KAK22",
448,"HARV_002",32,2,10,"VIAC",,"D01LEL27","D01KAK22",
449,"HARV_002",32,2,10,"TRBO2",,"D01LEL27","D01KAK22",
450,"HARV_002",32,4,10,"QURU",,"D01LEL27","D01KAK22",
451,"HARV_002",32,4,10,"HAVI4",,"D01LEL27","D01KAK22",
452,"HARV_002",32,4,10,"VIAC",,"D01LEL27","D01KAK22",
453,"HARV_002",32,4,10,"VAPA4",,"D01LEL27","D01KAK22",
454,"HARV_002",32,4,10,"COCO6",,"D01LEL27","D01KAK22","QC: No error EME"
455,"HARV_004",31,1,10,"QURU",,"D01GMV31","D01JLU02","QC: No error EME"
456,"HARV_004",31,1,10,"UVSE",,"D01GMV31","D01JLU02",
457,"HARV_004",31,1,10,"OSCI",,"D01GMV31","D01JLU02",
458,"HARV_004",31,1,10,"PRSE2",,"D01GMV31","D01JLU02",
459,"HARV_004",31,1,10,"HAVI4",,"D01GMV31","D01JLU02",
460,"HARV_004",31,1,10,"FRAL4",,"D01GMV31","D01JLU02","QC: No error EME"
461,"HARV_004",31,4,10,"OSCI",,"D01GMV31","D01JLU02",
462,"HARV_004",31,4,10,"BELE",,"D01GMV31","D01JLU02",
463,"HARV_004",31,4,10,"ARNU2",,"D01GMV31","D01JLU02",
464,"HARV_004",31,4,10,"RUAR7",,"D01GMV31","D01JLU02",
465,"HARV_004",31,4,10,"THNO",,"D01GMV31","D01JLU02",
466,"HARV_004",31,4,10,"OSCL2",,"D01GMV31","D01JLU02",
467,"HARV_004",40,1,10,"HAVI4",,"D01EJH18","D01ECM19","QC: No error EME"
468,"HARV_004",40,1,10,"COCO6",,"D01EJH18","D01ECM19",
469,"HARV_004",40,1,10,"ANQU",,"D01EJH18","D01ECM19",
470,"HARV_004",40,1,10,"QURU",,"D01EJH18","D01ECM19",
471,"HARV_004",40,1,10,"BELE",,"D01EJH18","D01ECM19",
472,"HARV_004",40,1,10,"OSCL2",,"D01EJH18","D01ECM19",
473,"HARV_004",40,1,10,,,"D01EJH18","D01ECM19","CARYA"
474,"HARV_004",40,3,10,,,"D01EJH18","D01ECM19","CAREX2"
475,"HARV_004",40,3,10,"PRSE2",,"D01EJH18","D01ECM19",
476,"HARV_004",40,3,10,"TRBO2",,"D01EJH18","D01ECM19","QC: No error EME"
477,"HARV_004",40,3,10,"OSCI",,"D01EJH18","D01ECM19",
478,"HARV_004",40,3,10,"THNO",,"D01EJH18","D01ECM19",
479,"HARV_004",32,2,10,"UVSE",,"D01BJV04","D01KAK22",
480,"HARV_004",32,2,10,"FRAM2",,"D01BJV04","D01KAK22",
481,"HARV_004",32,2,10,"QUAL",,"D01BJV04","D01KAK22",
482,"HARV_004",32,2,10,"MIRE",,"D01BJV04","D01KAK22",
483,"HARV_004",32,2,10,"COCO6","cf. species","D01BJV04","D01KAK22",
484,"HARV_004",32,2,10,"BRER2",,"D01BJV04","D01KAK22",
485,"HARV_004",32,2,10,"OSCI",,"D01BJV04","D01KAK22",
486,"HARV_004",32,2,10,"HAVI4",,"D01BJV04","D01KAK22","QC: No error EME"
487,"HARV_004",32,2,10,,,"D01BJV04","D01KAK22","AMELA"
488,"HARV_004",32,2,10,"ANQU",,"D01BJV04","D01KAK22",
489,"HARV_004",32,4,10,"UVSE",,"D01BJV04","D01KAK22",
490,"HARV_004",32,4,10,"HAVI4",,"D01BJV04","D01KAK22",
491,"HARV_004",32,4,10,"QUAL",,"D01BJV04","D01KAK22",
492,"HARV_004",32,4,10,"BRER2",,"D01BJV04","D01KAK22",
493,"HARV_004",32,4,10,"DEPU2",,"D01BJV04","D01KAK22",
494,"HARV_004",32,4,10,"BELE",,"D01BJV04","D01KAK22",
495,"HARV_004",32,4,10,"PIST",,"D01BJV04","D01KAK22",
496,"HARV_004",32,4,10,"COCO6",,"D01BJV04","D01KAK22",
497,"HARV_004",32,4,10,"VAPA4",,"D01BJV04","D01KAK22","QC: No error EME"
498,"HARV_004",41,1,10,"QUAL",,"D01GMV31","D01CTR16",
499,"HARV_004",41,1,10,"COCO6",,"D01GMV31","D01CTR16",
500,"HARV_004",41,1,10,"OSCL2",,"D01GMV31","D01CTR16",
501,"HARV_004",41,1,10,"DEPU2",,"D01GMV31","D01CTR16",
502,"HARV_004",41,1,10,"MACA4",,"D01GMV31","D01CTR16",
503,"HARV_004",41,4,10,"OSCL2",,"D01GMV31","D01CTR16",
504,"HARV_004",41,4,10,"HAVI4",,"D01GMV31","D01CTR16",
505,"HARV_004",41,4,10,"ANQU",,"D01GMV31","D01CTR16",
506,"HARV_004",41,4,10,"PIST",,"D01GMV31","D01CTR16",
507,"HARV_004",41,4,10,,,"D01GMV31","D01CTR16","CAREX"
508,"HARV_004",41,4,10,"MIRE",,"D01GMV31","D01CTR16",
509,"HARV_004",41,4,10,"CRMA3",,"D01GMV31","D01CTR16",
510,"HARV_004",41,4,10,"CAOV2",,"D01GMV31","D01CTR16","QC: No error EME"
511,"HARV_030",31,4,10,"ACRU",,"D01KAK22","D01EJH18",
512,"HARV_030",31,4,10,"TRBO2",,"D01KAK22","D01EJH18",
513,"HARV_030",31,4,10,"DRIN5",,"D01KAK22","D01EJH18",
514,"HARV_030",31,1,10,"MACA4",,"D01KAK22","D01EJH18",
515,"HARV_030",31,1,10,"VAPA4",,"D01KAK22","D01EJH18",
516,"HARV_030",31,1,10,"MIRE",,"D01KAK22","D01EJH18","QC: No error EME"
517,"HARV_030",31,1,10,"TRBO2",,"D01KAK22","D01EJH18",
518,"HARV_030",40,1,10,"PRSE2",,"D01LEL27","D01JLU02",
519,"HARV_030",40,1,10,"MACA4",,"D01LEL27","D01JLU02",
520,"HARV_030",40,1,10,"ACRU",,"D01LEL27","D01JLU02",
521,"HARV_030",40,1,10,"GOTE",,"D01LEL27","D01JLU02",
522,"HARV_030",40,3,10,"TRBO2",,"D01LEL27","D01JLU02",
523,"HARV_030",40,3,10,"MIRE",,"D01LEL27","D01JLU02",
524,"HARV_030",40,3,10,"ACRU",,"D01LEL27","D01JLU02","QC: No error EME"
525,"HARV_030",40,3,10,"RUID",,"D01LEL27","D01JLU02",
526,"HARV_030",40,3,10,"PIST",,"D01LEL27","D01JLU02",
527,"HARV_030",40,3,10,"PIRE",,"D01LEL27","D01JLU02",
528,"HARV_030",40,3,10,"BETH",,"D01LEL27","D01JLU02",
529,"HARV_030",40,3,10,"TORA2",,"D01LEL27","D01JLU02",
530,"HARV_030",41,1,10,"PIRE",,"D01NIH14","D01GMV31",
531,"HARV_030",41,1,10,"PRSE2",,"D01NIH14","D01GMV31",
532,"HARV_030",41,1,10,"PIST",,"D01NIH14","D01GMV31",
533,"HARV_030",41,1,10,,,"D01NIH14","D01GMV31","CAREX"
534,"HARV_030",41,1,10,"ACRU",,"D01NIH14","D01GMV31",
535,"HARV_030",41,4,10,"ACRU",,"D01NIH14","D01GMV31","QC: No error EME"
536,"HARV_030",41,4,10,"VAPA4",,"D01NIH14","D01GMV31",
537,"HARV_030",41,4,10,"PRSE2",,"D01NIH14","D01GMV31",
538,"HARV_030",41,4,10,,,"D01NIH14","D01GMV31","CAREX"
539,"HARV_030",41,4,10,"GOTE",,"D01NIH14","D01GMV31","PHONE 6 1430 2 PICTURES"
540,"HARV_030",32,2,10,"ACRU",,"D01PJN02","D01NIH14",
541,"HARV_030",32,2,10,,,"D01PJN02","D01NIH14","CAREX 1; PROBABLY CAREX COMMUNIS CACU7?"
542,"HARV_030",32,2,10,"LOMO2",,"D01PJN02","D01NIH14","LOMO WRITTEN ASSUME LOMO2"
543,"HARV_030",32,2,10,,,"D01PJN02","D01NIH14","CAREX2"
544,"HARV_030",32,2,10,"QUVE",,"D01PJN02","D01NIH14",
545,"HARV_030",32,2,10,"PIST",,"D01PJN02","D01NIH14",
546,"HARV_030",32,2,10,"TORA2","cf. species","D01PJN02","D01NIH14",
547,"HARV_030",32,2,10,"VAPA4",,"D01PJN02","D01NIH14",
548,"HARV_030",32,2,10,"DRIN5",,"D01PJN02","D01NIH14","DRIN WRITTEN ASSUME DRIN5"
549,"HARV_030",32,4,10,"PIRE",,"D01PJN02","D01NIH14","QC:  No error EME"
550,"HARV_012",32,2,10,"VACO",,"D01EJH18","D01KAK22",
551,"HARV_012",32,4,10,"BELE",,"D01EJH18","D01KAK22",
552,"HARV_012",32,4,10,"QURU",,"D01EJH18","D01KAK22",
553,"HARV_012",32,4,10,"FRAM2",,"D01EJH18","D01KAK22",
554,"HARV_012",32,4,10,"VAPA4",,"D01EJH18","D01KAK22",
555,"HARV_012",32,4,10,"MEVI",,"D01EJH18","D01KAK22",
556,"HARV_012",32,4,10,"PRPE2",,"D01EJH18","D01KAK22","QC: No error EME"
557,"HARV_012",32,4,10,,,"D01EJH18","D01KAK22","ANEMO"
558,"HARV_014",32,2,10,"UVSE",,"D01KAK22","D01PJN02","QC: No Error"
559,"HARV_014",32,4,10,"QURU",,"D01KAK22","D01PJN02",
560,"HARV_014",32,4,10,"VAPA4",,"D01KAK22","D01PJN02",
561,"HARV_014",32,4,10,"HAVI4",,"D01KAK22","D01PJN02",
562,"HARV_014",32,4,10,"QUAL",,"D01KAK22","D01PJN02",
563,"HARV_014",31,1,10,"HAVI4",,"D01PJN02","D01KAK22",
564,"HARV_014",31,1,10,"GAPR2",,"D01PJN02","D01KAK22",
565,"HARV_014",31,1,10,,,"D01PJN02","D01KAK22","LYCOP"
566,"HARV_014",31,1,10,"TRBO2",,"D01PJN02","D01KAK22",
567,"HARV_014",31,4,10,,,"D01PJN02","D01KAK22","LYCOP"
568,"HARV_014",31,4,10,"QUAL",,"D01PJN02","D01KAK22","QC: No Error"
569,"HARV_014",31,4,10,,,"D01PJN02","D01KAK22","AMELA"
570,"HARV_014",41,1,10,"KALA",,"D01EJH18","D01SNI12",
571,"HARV_014",41,1,10,"MACA4",,"D01EJH18","D01SNI12",
572,"HARV_014",41,1,10,"PRSE2",,"D01EJH18","D01SNI12",
573,"HARV_014",41,1,10,,"cf. genus","D01EJH18","D01SNI12","LANCEOLATE OPPOSITE ASTER"
574,"HARV_014",41,4,10,,"cf. genus","D01EJH18","D01SNI12","LANCEOLATE OPPOSITE ASTER"
575,"HARV_014",41,4,10,"MEVI",,"D01EJH18","D01SNI12",
576,"HARV_059",31,1,10,"PRSE",,"D01DRC25","D01EJH18",
577,"HARV_059",31,1,10,"PAQU2",,"D01DRC25","D01EJH18",
578,"HARV_059",31,1,10,"COAM2",,"D01DRC25","D01EJH18",
579,"HARV_059",31,1,10,"QUAL",,"D01DRC25","D01EJH18","QC: NO ERROR SNI"
580,"HARV_059",31,1,10,"QURU",,"D01DRC25","D01EJH18",
581,"HARV_059",31,1,10,"ILVE",,"D01DRC25","D01EJH18",
582,"HARV_059",31,1,10,"SPAL2",,"D01DRC25","D01EJH18",
583,"HARV_059",31,1,10,"MARAR",,"D01DRC25","D01EJH18",
584,"HARV_059",31,1,10,"ILMU",,"D01DRC25","D01EJH18","QC: NO ERROR SNI"
585,"HARV_059",31,1,10,"ONSE",,"D01DRC25","D01EJH18",
586,"HARV_059",31,1,10,"SYFO",,"D01DRC25","D01EJH18",
587,"HARV_059",31,4,10,"QUVE",,"D01DRC25","D01EJH18",
588,"HARV_059",31,4,10,"TORA2",,"D01DRC25","D01EJH18",
589,"HARV_059",31,4,10,"RUHI",,"D01DRC25","D01EJH18",
590,"HARV_059",32,2,10,"AMAR3",,"D01DRC25","D01EJH18","""AMAR"" LISTED; CONFERRED WITH RECORDER TO GET CORRECT PLANT"
591,"HARV_059",32,2,10,"LYCL",,"D01DRC25","D01EJH18",
592,"HARV_059",32,2,10,"VACO",,"D01DRC25","D01EJH18",
593,"HARV_059",32,2,10,"QUVE",,"D01DRC25","D01EJH18",
594,"HARV_059",32,2,10,"QURU",,"D01DRC25","D01EJH18",
595,"HARV_059",32,2,10,"MIRE",,"D01DRC25","D01EJH18",
596,"HARV_059",32,2,10,"PRSE2",,"D01DRC25","D01EJH18",
597,"HARV_059",32,2,10,"CAIN12",,"D01DRC25","D01EJH18","QC: NO ERROR SNI"
598,"HARV_059",32,2,10,"RUHI",,"D01DRC25","D01EJH18","QC: NO ERROR SNI"
599,"HARV_059",32,2,10,"MEVI",,"D01DRC25","D01EJH18",
600,"HARV_059",32,2,10,"SMHE",,"D01DRC25","D01EJH18",
601,"HARV_059",32,4,10,"QURU",,"D01DRC25","D01EJH18",
602,"HARV_059",32,4,10,"SYFO",,"D01DRC25","D01EJH18",
603,"HARV_059",32,4,10,"LYCO",,"D01DRC25","D01EJH18",
604,"HARV_059",32,4,10,"QUVE",,"D01DRC25","D01EJH18",
605,"HARV_059",32,4,10,,,"D01DRC25","D01EJH18","CAREX"
606,"HARV_059",32,4,10,"PIST",,"D01DRC25","D01EJH18",
607,"HARV_059",40,1,10,"TORA2",,"D01DRC25","D01GMV31","QC: NO ERROR SNI"
608,"HARV_059",40,1,10,"PAQU2",,"D01DRC25","D01GMV31",
609,"HARV_059",40,1,10,"ACSA3",,"D01DRC25","D01GMV31",
610,"HARV_059",40,1,10,"SMHE",,"D01DRC25","D01GMV31",
611,"HARV_059",40,1,10,"ILVE",,"D01DRC25","D01GMV31",
612,"HARV_059",40,3,10,"SYFO",,"D01DRC25","D01GMV31",
613,"HARV_059",40,3,10,"QUVE",,"D01DRC25","D01GMV31",
614,"HARV_014",41,4,10,"QUVE",,"D01EJH18","D01SNI12",
615,"HARV_014",41,4,10,,,"D01EJH18","D01SNI12","CAREX"
616,"HARV_014",41,4,10,"UVSE",,"D01EJH18","D01SNI12","QC: No Error"
617,"HARV_014",41,4,10,"VIAC",,"D01EJH18","D01SNI12",
618,"HARV_014",41,4,10,,"cf. species","D01EJH18","D01SNI12","AMELA ; ARBOREA PHONE 6 1347"
619,"HARV_031",41,1,10,"MIRE",,"D01JLU02","D01GMV31",
620,"HARV_031",41,1,10,"ACRU",,"D01JLU02","D01GMV31",
621,"HARV_031",41,4,10,"BELE",,"D01JLU02","D01GMV31","QC: NO ERROR JH"
622,"HARV_031",41,4,10,"FRAL4",,"D01JLU02","D01GMV31",
623,"HARV_031",41,4,10,"VAPA4",,"D01JLU02","D01GMV31",
624,"HARV_031",41,4,10,"VIRE7",,"D01JLU02","D01GMV31",
625,"HARV_031",41,4,10,"ACRU",,"D01JLU02","D01GMV31",
626,"HARV_031",41,4,10,,,"D01JLU02","D01GMV31","UNK: 4 pictures at 1046 on mammal phone CORNU"
627,"HARV_031",41,4,10,"PIST",,"D01JLU02","D01GMV31",
628,"HARV_031",40,1,10,"ACRU",,"D01JLU02","D01GMV31",
629,"HARV_031",40,1,10,"QURU",,"D01JLU02","D01GMV31",
630,"HARV_031",40,1,10,"QUAL",,"D01JLU02","D01GMV31",
631,"HARV_031",40,1,10,"ACSA3",,"D01JLU02","D01GMV31",
632,"HARV_031",40,1,10,"SOGI","cf. species","D01JLU02","D01GMV31","QC: NO ERROR JH"
633,"HARV_031",40,3,10,"QUVE",,"D01JLU02","D01GMV31",
634,"HARV_031",40,3,10,"TRBO2",,"D01JLU02","D01GMV31",
635,"HARV_031",40,3,10,"ACSA3",,"D01JLU02","D01GMV31",
636,"HARV_031",40,3,10,"VAPA4",,"D01JLU02","D01GMV31",
637,"HARV_031",31,1,10,"PIST",,"D01GMV31","D01EJH18",
638,"HARV_031",31,1,10,"PIRE",,"D01GMV31","D01EJH18",
639,"HARV_031",31,1,10,"RUID",,"D01GMV31","D01EJH18",
640,"HARV_031",31,1,10,"ACRU",,"D01GMV31","D01EJH18",
641,"HARV_031",31,1,10,"FRAL4",,"D01GMV31","D01EJH18",
642,"HARV_031",31,1,10,"QURU",,"D01GMV31","D01EJH18",
643,"HARV_031",31,4,10,,,"D01GMV31","D01EJH18","CAREX"
644,"HARV_031",31,4,10,"RUHI",,"D01GMV31","D01EJH18",
645,"HARV_031",31,4,10,"CEOR7",,"D01GMV31","D01EJH18",
646,"HARV_031",31,4,10,"LOMO2",,"D01GMV31","D01EJH18",
647,"HARV_031",31,4,10,"POAC4",,"D01GMV31","D01EJH18",
648,"HARV_031",31,4,10,"TRER3",,"D01GMV31","D01EJH18",
649,"HARV_031",31,4,10,"RUID",,"D01GMV31","D01EJH18","QC: NO ERROR JH"
650,"HARV_031",31,4,10,"CAIN12",,"D01GMV31","D01EJH18",
651,"HARV_031",31,4,10,"FRAL4",,"D01GMV31","D01EJH18",
652,"HARV_031",31,4,10,"PRSE2",,"D01GMV31","D01EJH18",
653,"HARV_031",31,4,10,"UVSE",,"D01GMV31","D01EJH18",
654,"HARV_031",31,4,10,"CADE5",,"D01GMV31","D01EJH18","QC: NO ERROR JH"
655,"HARV_031",32,2,10,"DEPU2",,"D01GMV31","D01EJH18",
656,"HARV_031",32,2,10,"UVSE",,"D01GMV31","D01EJH18",
657,"HARV_031",32,2,10,"PRSE2",,"D01GMV31","D01EJH18",
658,"HARV_031",32,2,10,"PIST",,"D01GMV31","D01EJH18",
659,"HARV_031",32,2,10,,,"D01GMV31","D01EJH18","Amelanchier arborea"
660,"HARV_031",32,2,10,"CORA6",,"D01GMV31","D01EJH18",
661,"HARV_031",32,2,10,"FRAL4",,"D01GMV31","D01EJH18",
662,"HARV_031",32,2,10,"QURU",,"D01GMV31","D01EJH18","QC: NO ERROR JH"
663,"HARV_031",32,4,10,"UVSE",,"D01GMV31","D01EJH18",
664,"HARV_031",32,4,10,"PIST",,"D01GMV31","D01EJH18",
665,"HARV_031",32,4,10,"MIRE",,"D01GMV31","D01EJH18",
666,"HARV_031",32,4,10,"MARAR",,"D01GMV31","D01EJH18",
667,"HARV_059",40,3,10,"RUAL",,"D01DRC25","D01GMV31",
668,"HARV_059",40,3,10,"ILVE",,"D01DRC25","D01GMV31",
669,"HARV_059",40,3,10,,,"D01DRC25","D01GMV31","CAREX"
670,"HARV_059",40,3,10,"DRIN5",,"D01DRC25","D01GMV31",
671,"HARV_059",40,3,10,"VAPA4",,"D01DRC25","D01GMV31",
672,"HARV_059",40,3,10,"HAVI4",,"D01DRC25","D01GMV31",
673,"HARV_059",41,1,10,"GOTE",,"D01GMV31","D01ECM19",
674,"HARV_059",41,4,10,"PRSE2",,"D01GMV31","D01ECM19",
675,"HARV_059",41,4,10,"LYOB",,"D01GMV31","D01ECM19",
676,"HARV_059",41,4,10,"SYFO",,"D01GMV31","D01ECM19",
677,"HARV_059",41,4,10,"MARAR",,"D01GMV31","D01ECM19",
678,"HARV_059",41,4,10,"QUVE",,"D01GMV31","D01ECM19","QC: NO ERROR SNI"
679,"HARV_059",41,4,10,"TRBO2",,"D01GMV31","D01ECM19",
680,"HARV_059",41,4,10,"RUHI",,"D01GMV31","D01ECM19",
681,"HARV_059",41,4,10,"THNO",,"D01GMV31","D01ECM19",
682,"HARV_059",41,4,10,"DRIN5",,"D01GMV31","D01ECM19",
683,"HARV_059",41,4,10,"IMCA",,"D01GMV31","D01ECM19",
684,"HARV_059",41,4,10,"FRAL4","cf. species","D01GMV31","D01ECM19",
685,"HARV_059",41,4,10,,,"D01GMV31","D01ECM19","""COARSELY TOOTHED HAIRLESS TREE"" VEG PHONE 1145 5 PHOTOS"
686,"HARV_059",41,4,10,"EQAR",,"D01GMV31","D01ECM19",
687,"HARV_059",41,4,10,,,"D01GMV31","D01ECM19","""OPPOSITE LEAF ROADSIDE WEED"" VOUCHER COLLECTED"
688,"BART_002",40,1,10,"MARAR",,"D01LEL27","D01NIH14",
689,"BART_002",40,1,10,"ACSAS",,"D01LEL27","D01NIH14",
690,"BART_002",40,1,10,"FRPE","cf. species","D01LEL27","D01NIH14","seedling"
691,"BART_002",40,1,10,"ACPE",,"D01LEL27","D01NIH14",
692,"BART_002",40,3,10,"MEVI",,"D01LEL27","D01NIH14",
693,"BART_002",40,3,10,"ACSAS",,"D01LEL27","D01NIH14",
694,"BART_002",40,3,10,"ACPE","cf. species","D01LEL27","D01NIH14",
695,"BART_002",31,1,10,"FRPE","cf. species","D01LEL27","D01NIH14","seedling"
696,"BART_002",31,4,10,"FAGR",,"D01LEL27","D01NIH14","QC: NO ERROR JH"
697,"BART_002",31,4,10,"FRPE",,"D01LEL27","D01NIH14",
698,"BART_002",31,4,10,"ACSAS",,"D01LEL27","D01NIH14",
699,"BART_002",32,2,10,"ACPE",,"D01SNI12","D01CAB21",
700,"BART_002",32,2,10,"MEVI",,"D01SNI12","D01CAB21",
701,"BART_002",32,2,10,"ACRU",,"D01SNI12","D01CAB21","QC: NO ERROR JH"
702,"BART_002",32,2,10,"VILA11",,"D01SNI12","D01CAB21",
703,"BART_002",32,2,10,"FRPE",,"D01SNI12","D01CAB21",
704,"BART_002",32,4,10,"ACSAS",,"D01SNI12","D01CAB21",
705,"BART_002",32,4,10,"SARAR3",,"D01SNI12","D01CAB21",
706,"BART_002",32,4,10,"FRPE",,"D01SNI12","D01CAB21",
707,"BART_002",41,1,10,"ACSAS",,"D01SNI12","D01CAB21",
708,"BART_002",41,1,10,"FAGR",,"D01SNI12","D01CAB21",
709,"BART_002",41,1,10,"ACSP2",,"D01SNI12","D01CAB21","QC: NO ERROR JH"
710,"BART_002",41,4,10,"ACPE",,"D01SNI12","D01CAB21",
711,"HARV_005",40,1,10,"QURU",,"D01GMV31","D01ECM19","QC: No Error"
712,"HARV_005",40,1,10,,,"D01GMV31","D01ECM19","AMELA"
713,"HARV_005",40,1,10,"COCO6",,"D01GMV31","D01ECM19",
714,"HARV_005",40,1,10,"QUVE",,"D01GMV31","D01ECM19",
715,"HARV_005",40,1,10,"NYSY",,"D01GMV31","D01ECM19",
716,"HARV_005",40,1,10,"THNO",,"D01GMV31","D01ECM19","QC: No Error"
717,"HARV_005",40,3,10,"OSCL2",,"D01GMV31","D01ECM19",
718,"HARV_005",40,3,10,"ARNU2",,"D01GMV31","D01ECM19",
719,"HARV_005",40,3,10,"VIAC",,"D01GMV31","D01ECM19",
720,"HARV_005",40,3,10,"MEVI",,"D01GMV31","D01ECM19",
721,"HARV_005",40,3,10,"QUAL",,"D01GMV31","D01ECM19",
722,"HARV_005",40,3,10,"HAVI4",,"D01GMV31","D01ECM19","QC: No Error"
723,"HARV_005",40,3,10,"QURU",,"D01GMV31","D01ECM19",
724,"HARV_005",40,3,10,"UVSE",,"D01GMV31","D01ECM19",
725,"HARV_005",41,1,10,"VAPA4",,"D01EJH18","D01DRC25",
726,"HARV_005",41,1,10,"ACRU",,"D01EJH18","D01DRC25",
727,"HARV_005",41,1,10,"QURU",,"D01EJH18","D01DRC25","QC: No Error"
728,"HARV_005",41,1,10,"TRBO2",,"D01EJH18","D01DRC25",
729,"HARV_005",41,1,10,"MEVI",,"D01EJH18","D01DRC25",
730,"HARV_005",41,1,10,,,"D01EJH18","D01DRC25","CRATA"
731,"HARV_005",41,1,10,,,"D01EJH18","D01DRC25","CAREX"
732,"HARV_005",41,1,10,"HAVI4",,"D01EJH18","D01DRC25",
733,"HARV_005",41,1,10,"BELE",,"D01EJH18","D01DRC25",
734,"HARV_005",41,1,10,,,"D01EJH18","D01DRC25","AMAR"
735,"HARV_005",41,1,10,"VAAN",,"D01EJH18","D01DRC25",
736,"HARV_005",41,1,10,"PRSE2",,"D01EJH18","D01DRC25",
737,"HARV_005",41,1,10,"VINUC",,"D01EJH18","D01DRC25",
738,"HARV_005",41,1,10,"PTAQ",,"D01EJH18","D01DRC25","QC: No Error"
739,"HARV_005",41,1,10,"ANQU",,"D01EJH18","D01DRC25",
740,"HARV_005",41,4,10,"QURU",,"D01EJH18","D01DRC25",
741,"HARV_005",41,4,10,"PTAQ",,"D01EJH18","D01DRC25",
742,"HARV_005",41,4,10,"PIST",,"D01EJH18","D01DRC25",
743,"HARV_005",41,4,10,"VAPA4",,"D01EJH18","D01DRC25",
744,"HARV_005",41,4,10,,,"D01EJH18","D01DRC25","AMAR"
745,"HARV_005",41,4,10,"SMHE",,"D01EJH18","D01DRC25",
746,"HARV_005",31,1,10,"OSCI",,"D01DRC25","D01PJN02",
747,"HARV_005",31,1,10,"COCO6",,"D01DRC25","D01PJN02",
748,"HARV_005",31,1,10,"UVSE",,"D01DRC25","D01PJN02","QC: No Error"
749,"HARV_005",31,1,10,"RUHI",,"D01DRC25","D01PJN02",
750,"HARV_005",31,1,10,"PIST",,"D01DRC25","D01PJN02",
751,"HARV_005",31,1,10,,,"D01DRC25","D01PJN02","CRATA"
752,"HARV_005",31,1,10,"VIAC",,"D01DRC25","D01PJN02",
753,"HARV_005",31,1,10,"VACO",,"D01DRC25","D01PJN02",
754,"HARV_005",31,1,10,,,"D01DRC25","D01PJN02","CAREX"
755,"HARV_005",31,1,10,"MEVI",,"D01DRC25","D01PJN02",
756,"HARV_005",31,1,10,"RHPR",,"D01DRC25","D01PJN02",
757,"HARV_005",31,4,10,,,"D01DRC25","D01PJN02","CAREX2"
758,"HARV_005",31,4,10,"HAVI4",,"D01DRC25","D01PJN02",
759,"HARV_005",31,4,10,"ACRU",,"D01DRC25","D01PJN02",
760,"HARV_005",31,4,10,"PIST",,"D01DRC25","D01PJN02",
761,"HARV_005",31,4,10,"UVSE",,"D01DRC25","D01PJN02",
762,"HARV_005",31,4,10,"QURU",,"D01DRC25","D01PJN02",
763,"HARV_005",31,4,10,"VACO",,"D01DRC25","D01PJN02",
764,"HARV_005",31,4,10,"KAAN",,"D01DRC25","D01PJN02",
765,"HARV_005",31,4,10,"OSCL2",,"D01DRC25","D01PJN02","QC: No Error"
766,"HARV_005",31,4,10,"MIRE",,"D01DRC25","D01PJN02",
767,"HARV_005",31,4,10,"VIAC",,"D01DRC25","D01PJN02",
768,"HARV_005",31,4,10,,,"D01DRC25","D01PJN02","ILEX"
769,"HARV_005",31,4,10,"LYOB",,"D01DRC25","D01PJN02",
770,"HARV_005",31,4,10,"QUAL",,"D01DRC25","D01PJN02",
771,"HARV_005",31,4,10,"KALA",,"D01DRC25","D01PJN02",
772,"HARV_005",32,2,10,"PIST",,"D01KAK22","D01PJN02",
773,"HARV_005",32,2,10,"TRBO2",,"D01KAK22","D01PJN02",
774,"HARV_005",32,2,10,"PTAQ",,"D01KAK22","D01PJN02",
775,"HARV_005",32,2,10,"MIRE",,"D01KAK22","D01PJN02","QC: No Error"
776,"HARV_005",32,2,10,"QURU",,"D01KAK22","D01PJN02",
777,"HARV_005",32,4,10,"QUAL",,"D01KAK22","D01PJN02",
778,"HARV_005",32,4,10,"HAVI4",,"D01KAK22","D01PJN02",
779,"HARV_005",32,4,10,"VIAC",,"D01KAK22","D01PJN02",
780,"HARV_005",32,4,10,"PTAQ",,"D01KAK22","D01PJN02",
781,"HARV_005",32,4,10,,,"D01KAK22","D01PJN02","CAREX"
782,"HARV_005",32,4,10,"ANQU",,"D01KAK22","D01PJN02",
783,"HARV_005",32,4,10,"COCO6",,"D01KAK22","D01PJN02",
784,"HARV_005",32,4,10,"QURU",,"D01KAK22","D01PJN02","QC: No Error"
785,"HARV_005",32,4,10,"VINUC",,"D01KAK22","D01PJN02",
786,"HARV_005",32,4,10,"TRBO2",,"D01KAK22","D01PJN02",
787,"HARV_005",32,4,10,"ARNU2",,"D01KAK22","D01PJN02",
788,"HARV_005",32,4,10,"VACO",,"D01KAK22","D01PJN02",
789,"BART_003",41,1,10,"BEPA",,"D01SNI12","D01CAB21",
790,"BART_003",41,1,10,"POTR5",,"D01SNI12","D01CAB21",
791,"BART_003",41,1,10,"BEAL2",,"D01SNI12","D01CAB21",
792,"BART_003",41,1,10,"ACPE",,"D01SNI12","D01CAB21",
793,"BART_003",41,4,10,"VILA11",,"D01SNI12","D01CAB21","QC: NO ERROR"
794,"BART_003",41,4,10,"COAL2",,"D01SNI12","D01CAB21",
795,"BART_003",41,4,10,"ACSAS",,"D01SNI12","D01CAB21",
796,"BART_003",41,4,10,"PRPEP",,"D01SNI12","D01CAB21",
797,"BART_003",41,4,10,"POGR4",,"D01SNI12","D01CAB21",
798,"BART_003",41,4,10,"ARNU2",,"D01SNI12","D01CAB21",
799,"BART_003",41,4,10,,,"D01SNI12","D01CAB21","CAREX"
800,"BART_003",41,4,10,"DRIN5",,"D01SNI12","D01CAB21",
801,"BART_003",40,1,10,"VILA11",,"D01CAB21","D01SNI12",
802,"BART_003",40,1,10,"POTR5",,"D01CAB21","D01SNI12","QC: NO ERROR"
803,"BART_003",40,3,10,"ACPE",,"D01CAB21","D01SNI12",
804,"BART_003",40,3,10,"FAGR",,"D01CAB21","D01SNI12",
805,"BART_003",40,3,10,"ACRU",,"D01CAB21","D01SNI12",
806,"BART_003",31,1,10,"FAGR",,"D01LEL27","D01NIH14",
807,"BART_003",31,1,10,"COAL2",,"D01LEL27","D01NIH14",
808,"BART_003",31,4,10,"ACRU",,"D01LEL27","D01NIH14",
809,"BART_003",31,4,10,"QURU",,"D01LEL27","D01NIH14",
810,"BART_003",31,4,10,"POTR5",,"D01LEL27","D01NIH14",
811,"BART_003",31,4,10,"DRIN5","cf. species","D01LEL27","D01NIH14",
812,"BART_003",31,4,10,"BEAL2",,"D01LEL27","D01NIH14",
813,"BART_003",32,2,10,"FAGR",,"D01LEL27","D01NIH14",
814,"BART_003",32,2,10,"BEPAC2",,"D01LEL27","D01NIH14",
815,"BART_003",32,2,10,"DRIN5","cf. species","D01LEL27","D01NIH14",
816,"BART_003",32,2,10,,,"D01LEL27","D01NIH14","""Stubble Grass"""
817,"BART_003",32,2,10,,,"D01LEL27","D01NIH14","CAREX"
818,"BART_003",32,2,10,"ARNU2",,"D01LEL27","D01NIH14",
819,"BART_003",32,2,10,"TSCA",,"D01LEL27","D01NIH14","QC: NO ERROR"
820,"BART_003",32,2,10,"ACPE",,"D01LEL27","D01NIH14",
821,,,,,,,,,
822,"BART_004",40,1,10,"BEAL2",,"D01CAB21","D01SNI12","QC: NO ERROR"
823,"BART_004",40,1,10,"MARAR",,"D01CAB21","D01SNI12",
824,"BART_004",40,1,10,"PIRU",,"D01CAB21","D01SNI12",
825,"BART_004",40,1,10,"TSCA",,"D01CAB21","D01SNI12",
826,"BART_004",40,1,10,"CYAC3",,"D01CAB21","D01SNI12",
827,"BART_004",40,1,10,"FRPE",,"D01CAB21","D01SNI12",
828,"BART_004",40,1,10,"VILA11",,"D01CAB21","D01SNI12",
829,"BART_004",40,1,10,"FAGR",,"D01CAB21","D01SNI12",
830,"BART_004",40,1,10,"DRIN5",,"D01CAB21","D01SNI12","INTERMEDIATE WOOD FERN"
831,"BART_004",40,3,10,"TSCA",,"D01CAB21","D01SNI12",
832,"BART_004",40,3,10,"FAGR",,"D01CAB21","D01SNI12",
833,"BART_004",32,2,10,"TSCA",,"D01LEL27","D01NIH14","QC: NO ERROR"
834,"BART_004",32,2,10,"FAGR",,"D01LEL27","D01NIH14",
835,"BART_004",32,2,10,"CYAC3",,"D01LEL27","D01NIH14",
836,"BART_004",32,2,10,"PIRU",,"D01LEL27","D01NIH14",
837,"BART_004",32,2,10,"ACRU",,"D01LEL27","D01NIH14",
838,"BART_004",32,2,10,"VILA11",,"D01LEL27","D01NIH14",
839,"BART_004",32,4,10,"TSCA",,"D01LEL27","D01NIH14",
840,"BART_004",32,4,10,"ACSAS",,"D01LEL27","D01NIH14",
841,"BART_004",32,4,10,"BEAL2",,"D01LEL27","D01NIH14",
842,"BART_004",31,1,10,"PIRU",,"D01LEL27","D01NIH14",
843,"BART_004",31,1,10,"ACSAS",,"D01LEL27","D01NIH14",
844,"BART_004",31,1,10,"VILA11",,"D01LEL27","D01NIH14",
845,"BART_004",31,1,10,"CYAC3",,"D01LEL27","D01NIH14",
846,"BART_004",31,4,10,"TRUN",,"D01LEL27","D01NIH14",
847,"BART_004",31,4,10,"CYAC3",,"D01LEL27","D01NIH14",
848,"BART_004",31,4,10,"TSCA",,"D01LEL27","D01NIH14",
849,"BART_004",31,4,10,"DRIN5",,"D01LEL27","D01NIH14","QC: NO ERROR"
850,"BART_004",31,4,10,"BEAL2",,"D01LEL27","D01NIH14",
851,"BART_004",41,1,10,"PIRU",,"D01LEL27","D01NIH14",
852,"BART_004",41,1,10,"ACRU",,"D01LEL27","D01NIH14",
853,"BART_004",41,1,10,"CYAC3",,"D01LEL27","D01NIH14",
854,"BART_004",41,1,10,"FRPE",,"D01LEL27","D01NIH14",
855,"BART_004",41,4,10,"VILA11",,"D01LEL27","D01NIH14",
856,"BART_004",41,4,10,"ACPE",,"D01LEL27","D01NIH14",
857,"BART_004",41,4,10,"BEAL2",,"D01LEL27","D01NIH14",
858,"BART_004",41,4,10,"TACA7",,"D01LEL27","D01NIH14",
859,,,,,,,,,
860,"HARV_058",31,1,10,"GAPR2",,"D01KAK22","D01LEL27",
861,"HARV_058",31,4,10,"GAPR2",,"D01KAK22","D01LEL27","QC: no error EM"
862,"HARV_058",31,4,10,"PIST",,"D01KAK22","D01LEL27",
863,"HARV_058",31,4,10,"MIRE",,"D01KAK22","D01LEL27",
864,"HARV_058",31,4,10,"ACPE",,"D01KAK22","D01LEL27",
865,"HARV_058",41,1,10,"ACPE",,"D01KAK22","D01LEL27",
866,"HARV_058",41,1,10,"HAVI4",,"D01KAK22","D01LEL27",
867,"HARV_058",41,1,10,"TSCA",,"D01KAK22","D01LEL27",
868,"HARV_058",41,1,10,"PIST",,"D01KAK22","D01LEL27","QC: no error EM"
869,"HARV_058",41,1,10,"COCO6",,"D01KAK22","D01LEL27",
870,"HARV_058",41,1,10,"LYOB",,"D01KAK22","D01LEL27",
871,"HARV_058",41,1,10,"RUHI",,"D01KAK22","D01LEL27","QC: no error EM"
872,"HARV_058",41,1,10,"SYCO4","cf. species","D01KAK22","D01LEL27",
873,"HARV_058",41,1,10,"ARNU2",,"D01KAK22","D01LEL27","QC: no error EM"
874,"HARV_058",41,4,10,"VIAC",,"D01KAK22","D01LEL27","QC: no error EM"
875,"HARV_058",41,4,10,"COPE80",,"D01KAK22","D01LEL27",
876,"HARV_058",41,4,10,"ACPE",,"D01KAK22","D01LEL27",
877,"HARV_058",41,4,10,"DILA8",,"D01KAK22","D01LEL27",
878,"HARV_058",41,4,10,"ACRU",,"D01KAK22","D01LEL27","QC: no error EM"
879,"HARV_058",41,4,10,"VAPA4",,"D01KAK22","D01LEL27",
880,"HARV_058",41,4,10,"QURU",,"D01KAK22","D01LEL27",
881,"HARV_058",41,4,10,"QUVE",,"D01KAK22","D01LEL27",
882,"HARV_058",32,2,10,"BELE",,"D01KAK22","D01LEL27",
883,"HARV_058",32,2,10,"PIST",,"D01KAK22","D01LEL27",
884,"HARV_058",32,2,10,"TSCA",,"D01KAK22","D01LEL27","QC: no error EM"
885,"HARV_058",32,2,10,"ACRU",,"D01KAK22","D01LEL27",
886,"HARV_058",32,2,10,"DEPU2",,"D01KAK22","D01LEL27",
887,"HARV_058",32,2,10,"MIRE",,"D01KAK22","D01LEL27","QC: no error EM"
888,"HARV_058",32,2,10,"HAVI4","cf. species","D01KAK22","D01LEL27","SEEDLING"
889,"HARV_058",32,4,10,"VIAC",,"D01KAK22","D01LEL27",
890,"HARV_058",32,4,10,"HAVI4",,"D01KAK22","D01LEL27",
891,"HARV_058",32,4,10,"QURU",,"D01KAK22","D01LEL27","QC: no error EM"
892,"HARV_058",32,4,10,"ACPE",,"D01KAK22","D01LEL27",
893,"HARV_058",32,4,10,"ARNU2",,"D01KAK22","D01LEL27","QC: no error EM"
894,"HARV_058",32,4,10,"UVSE",,"D01KAK22","D01LEL27",
895,"HARV_058",32,4,10,"CAPE6",,"D01KAK22","D01LEL27",
896,"HARV_058",40,1,10,"TSCA",,"D01KAK22","D01LEL27",
897,"HARV_058",40,1,10,"PIST",,"D01KAK22","D01LEL27",
898,"HARV_058",40,1,10,"MACA4",,"D01KAK22","D01LEL27",
899,"HARV_058",40,1,10,"BELE",,"D01KAK22","D01LEL27",
900,"HARV_058",40,1,10,"GAPR2",,"D01KAK22","D01LEL27","QC: no error EM"
901,"HARV_058",40,1,10,"BEPO","cf. species","D01KAK22","D01LEL27","TINY"
902,"HARV_058",40,3,10,"MEVI",,"D01KAK22","D01LEL27",
903,"HARV_058",40,3,10,"QURU",,"D01KAK22","D01LEL27","QC: no error EM"
904,"HARV_058",40,3,10,"PIST",,"D01KAK22","D01LEL27",
905,"HARV_058",40,3,10,"TSCA",,"D01KAK22","D01LEL27",
906,,,,,,,,,
907,"HARV_022",31,1,10,"QURU",,"D01SNI14","D01LEL27","QC: no error EM"
908,"HARV_022",31,1,10,"QUAL",,"D01SNI14","D01LEL27",
909,"HARV_022",31,1,10,"PIST",,"D01SNI14","D01LEL27",
910,"HARV_022",31,1,10,"LYOB",,"D01SNI14","D01LEL27",
911,"HARV_022",31,1,10,"ILVE",,"D01SNI14","D01LEL27","QC: no error EM"
912,"HARV_022",31,1,10,"MOUN3",,"D01SNI14","D01LEL27","DEAD FROM LAST FALL"
913,"HARV_022",31,1,10,"OSCI",,"D01SNI14","D01LEL27",
914,"HARV_022",31,1,10,"DRCA11",,"D01SNI14","D01LEL27",
915,"HARV_022",31,1,10,"BELE",,"D01SNI14","D01LEL27",
916,"HARV_022",31,1,10,"DRIN5",,"D01SNI14","D01LEL27",
917,"HARV_022",31,4,10,"VAAN",,"D01SNI14","D01LEL27",
918,"HARV_022",31,4,10,"CADE12",,"D01SNI14","D01LEL27",
919,"HARV_022",31,4,10,"COCO6",,"D01SNI14","D01LEL27","QC: no error EM"
920,"HARV_022",31,4,10,"DRIN5",,"D01SNI14","D01LEL27",
921,"HARV_022",31,4,10,"TRBO2",,"D01SNI14","D01LEL27",
922,"HARV_022",31,4,10,"ILVE",,"D01SNI14","D01LEL27",
923,"HARV_022",31,4,10,"PRSE2","cf. species","D01SNI14","D01LEL27","BABY"
924,"HARV_022",31,4,10,"QURU",,"D01SNI14","D01LEL27","QC: no error EM"
925,"HARV_022",31,4,10,"BELE",,"D01SNI14","D01LEL27","QC: no error EM"
926,"HARV_022",32,2,10,"MIRE",,"D01SNI14","D01LEL27","QC: no error EM"
927,"HARV_022",32,2,10,"DEPU2",,"D01SNI14","D01LEL27",
928,"HARV_022",32,2,10,"VIRE7",,"D01SNI14","D01LEL27",
929,"HARV_022",32,2,10,"TRBO2",,"D01SNI14","D01LEL27",
930,"HARV_022",32,2,10,"VAAN",,"D01SNI14","D01LEL27","QC: no error EM"
931,"HARV_022",32,2,10,"QURU",,"D01SNI14","D01LEL27",
932,"HARV_022",32,2,10,"PIST",,"D01SNI14","D01LEL27",
933,"HARV_022",32,4,10,"PIST",,"D01SNI14","D01LEL27",
934,"HARV_022",32,4,10,"ARNU2",,"D01SNI14","D01LEL27","QC: no error EM"
935,"HARV_022",32,4,10,"QUVE",,"D01SNI14","D01LEL27",
936,"HARV_022",32,4,10,"TRBO2",,"D01SNI14","D01LEL27","QC: no error EM"
937,"HARV_022",32,4,10,"VAAN",,"D01SNI14","D01LEL27",
938,"HARV_022",32,4,10,,,"D01SNI14","D01LEL27","AMELA- wont let type in"
939,"HARV_022",41,1,10,"BRAR9",,"D01SNI14","D01LEL27","QC: no error EM"
940,"HARV_022",41,1,10,"LYOB",,"D01SNI14","D01LEL27","QC: no error EM"
941,"HARV_022",41,1,10,"LYCL",,"D01SNI14","D01LEL27","QC: changed taxonID from LYCO to LYCL"
942,"HARV_022",41,1,10,"QUVE",,"D01SNI14","D01LEL27",
943,"HARV_022",41,1,10,"QURU",,"D01SNI14","D01LEL27",
944,"HARV_022",41,1,10,,,"D01SNI14","D01LEL27","AMELA"
945,"HARV_022",41,1,10,"PIST",,"D01SNI14","D01LEL27","QC: no error EM"
946,"HARV_022",41,1,10,"ILVE",,"D01SNI14","D01LEL27",
947,"HARV_022",41,1,10,"ACRU",,"D01SNI14","D01LEL27",
948,"HARV_022",41,1,10,,,"D01SNI14","D01LEL27","PILOSE - GRASS"
949,"HARV_022",41,1,10,"DRIN5",,"D01SNI14","D01LEL27",
950,"HARV_022",41,1,10,"ARNU2",,"D01SNI14","D01LEL27",
951,"HARV_022",41,4,10,"MEVI",,"D01SNI14","D01LEL27",
952,"HARV_022",41,4,10,"ARNU2",,"D01SNI14","D01LEL27",
953,"HARV_022",41,4,10,"ILVE",,"D01SNI14","D01LEL27",
954,"HARV_022",41,4,10,"DRIN5",,"D01SNI14","D01LEL27","QC: no error EM"
955,"HARV_022",41,4,10,"ACPE",,"D01SNI14","D01LEL27",
956,"HARV_022",41,4,10,"VAAN",,"D01SNI14","D01LEL27",
957,"HARV_022",40,1,10,"QUAL",,"D01SNI14","D01LEL27",
958,"HARV_022",40,1,10,"LYOB",,"D01SNI14","D01LEL27","QC: no error EM"
959,"HARV_022",40,1,10,"GOTE",,"D01SNI14","D01LEL27",
960,"HARV_022",40,1,10,"ARNU2",,"D01SNI14","D01LEL27",
961,"HARV_022",40,1,10,"QURU",,"D01SNI14","D01LEL27","QC: no error EM"
962,"HARV_022",40,1,10,"DRCA11",,"D01SNI14","D01LEL27",
963,"HARV_022",40,3,10,"BELE",,"D01SNI14","D01LEL27","QC: no error EM"
964,"HARV_022",40,3,10,"QURU",,"D01SNI14","D01LEL27","QC: no error EM"
965,"HARV_022",40,3,10,"ACRU",,"D01SNI14","D01LEL27",
966,"HARV_022",40,3,10,"QUVE",,"D01SNI14","D01LEL27",
967,"HARV_022",40,3,10,"THNO",,"D01SNI14","D01LEL27",
968,"BART_001",31,1,10,"PIRU",,"D01LEL27","D01NIH14",
969,"BART_001",31,1,10,"ACPE",,"D01LEL27","D01NIH14",
970,"BART_001",31,1,10,"QURU",,"D01LEL27","D01NIH14",
971,"BART_001",31,1,10,"FRAM2","cf. species","D01LEL27","D01NIH14","QC: no error"
972,"BART_001",31,4,10,"TSCA",,"D01LEL27","D01NIH14",
973,"BART_001",31,4,10,"VILA11",,"D01LEL27","D01NIH14",
974,"BART_001",31,4,10,"PIRU",,"D01LEL27","D01NIH14","QC: no error"
975,"BART_001",31,4,10,"FRPE","cf. species","D01LEL27","D01NIH14",
976,"BART_001",31,4,10,"ACPE",,"D01LEL27","D01NIH14","QC: no error"
977,"BART_001",32,2,10,"HULU2",,"D01LEL27","D01NIH14","QC: no error EM"
978,"BART_001",32,2,10,"BEAL2",,"D01LEL27","D01NIH14",
979,"BART_001",32,2,10,"ACSAS",,"D01LEL27","D01NIH14",
980,"BART_001",32,2,10,"VILA11",,"D01LEL27","D01NIH14",
981,"BART_001",32,2,10,"TSCA",,"D01LEL27","D01NIH14","QC: no error EM"
982,"BART_001",32,4,10,"ACPE",,"D01LEL27","D01NIH14",
983,"BART_001",32,4,10,"ACSAS",,"D01LEL27","D01NIH14",
984,,,,,,,,,
985,"BART_001",41,1,10,"ACSAS",,"D01LEL27","D01NIH14",
986,"BART_001",41,1,10,"ACPE",,"D01LEL27","D01NIH14",
987,"BART_001",41,1,10,"BEAL2",,"D01LEL27","D01NIH14","QC: no error EM"
988,"BART_001",41,1,10,"IMCA",,"D01LEL27","D01NIH14",
989,"BART_001",41,1,10,"FAGR",,"D01LEL27","D01NIH14",
990,"BART_001",41,1,10,"FRPE","cf. species","D01LEL27","D01NIH14","QC: no error EM"
991,"BART_001",41,4,10,"VILA11",,"D01LEL27","D01NIH14",
992,"BART_001",41,4,10,"ACSAS",,"D01LEL27","D01NIH14","QC: no error EM"
993,"BART_001",41,4,10,"FRPE",,"D01LEL27","D01NIH14",
994,"BART_001",41,4,10,"TSCA",,"D01LEL27","D01NIH14","QC: no error EM"
995,"BART_001",40,1,10,"ARNU2",,"D01CAB21","D01SNI12",
996,"BART_001",40,1,10,"PIRU",,"D01CAB21","D01SNI12","QC: no error EM"
997,"BART_001",40,1,10,"ABBA",,"D01CAB21","D01SNI12",
998,"BART_001",40,1,10,"ACRU",,"D01CAB21","D01SNI12",
999,"BART_001",40,1,10,"TSCA",,"D01CAB21","D01SNI12","QC: no error EM"
1000,"BART_001",40,1,10,"ACSP2","cf. species","D01CAB21","D01SNI12",
1001,"BART_001",40,1,10,"FRPE",,"D01CAB21","D01SNI12",
1002,"BART_001",40,1,10,"ACPE",,"D01CAB21","D01SNI12",
1003,"BART_001",40,1,10,"VILA11",,"D01CAB21","D01SNI12","QC: no error EM"
1004,"BART_001",40,1,10,"FAGR",,"D01CAB21","D01SNI12","QC: no error EM"
1005,"BART_001",40,3,10,"BEAL2",,"D01CAB21","D01SNI12",
1006,"BART_001",40,3,10,"ACPE",,"D01CAB21","D01SNI12",
1007,"BART_001",40,3,10,"OXMO",,"D01CAB21","D01SNI12",
1008,"BART_001",40,3,10,"PRPEP",,"D01CAB21","D01SNI12","QC: no error EM"
1009,"BART_001",40,3,10,,"cf. family","D01CAB21","D01SNI12","SCROPHULARICEAE; PHOTO IPHONE 8 1019 AND 1101"
